resid,resname,contact_frac,contact_%
381,ASP,1.0,100.0
380,ALA,1.0,100.0
382,PHE,0.9999000099990001,100.0
315,ILE,0.9997000299970003,100.0
290,MET,0.9996000399960004,100.0
269,ALA,0.999000099990001,99.9
370,LEU,0.9989001099890011,99.9
318,MET,0.9979002099790021,99.8
271,LYS,0.9945005499450055,99.5
299,VAL,0.9942005799420058,99.4
256,VAL,0.9919008099190081,99.2
298,LEU,0.9916008399160084,99.2
316,GLU,0.991000899910009,99.1
248,LEU,0.9897010298970103,99.0
317,PHE,0.9875012498750125,98.8
379,VAL,0.9852014798520148,98.5
293,ILE,0.9655034496550345,96.6
360,ILE,0.9366063393660634,93.7
270,VAL,0.9352064793520648,93.5
354,LEU,0.9258074192580742,92.6
286,GLU,0.9216078392160784,92.2
289,VAL,0.904009599040096,90.4
361,HIS,0.8928107189281071,89.3
359,PHE,0.8435156484351565,84.4
321,GLY,0.7371262873712628,73.7
313,ILE,0.6698330166983302,67.0
253,TYR,0.5973402659734026,59.7
362,ARG,0.25807419258074193,25.8
386,ARG,0.09169083091690831,9.2
322,ASN,0.0377962203779622,3.8
249,GLY,0.028097190280971903,2.8
257,TYR,0.003999600039996,0.4
363,ASP,0.0020997900209979003,0.2
258,GLU,0.0020997900209979003,0.2
385,SER,0.0018998100189981002,0.2
285,LYS,0.0008999100089991,0.1
282,GLU,0.0006999300069993001,0.1
