resid,resname,contact_frac,contact_%
381,ASP,1.0,100.0
380,ALA,1.0,100.0
318,MET,1.0,100.0
370,LEU,0.9998000199980002,100.0
316,GLU,0.9996000399960004,100.0
360,ILE,0.9994000599940006,99.9
317,PHE,0.9985001499850015,99.9
299,VAL,0.9977002299770023,99.8
290,MET,0.9976002399760024,99.8
382,PHE,0.9963003699630038,99.6
269,ALA,0.9957004299570043,99.6
248,LEU,0.9927007299270073,99.3
354,LEU,0.9907009299070093,99.1
315,THR,0.9872012798720128,98.7
361,HIS,0.9818018198180182,98.2
256,VAL,0.9816018398160185,98.2
289,VAL,0.9586041395860414,95.9
286,GLU,0.9421057894210579,94.2
253,TYR,0.9417058294170583,94.2
298,LEU,0.8799120087991201,88.0
293,ILE,0.8787121287871212,87.9
271,LYS,0.8704129587041296,87.0
359,PHE,0.7285271472852715,72.9
379,VAL,0.6353364663533647,63.5
321,GLY,0.535946405359464,53.6
270,VAL,0.49305069493050696,49.3
313,ILE,0.29527047295270475,29.5
362,ARG,0.1962803719628037,19.6
322,ASN,0.023997600239976002,2.4
285,LYS,0.018098190180981903,1.8
249,GLY,0.007699230076992301,0.8
385,SER,0.0026997300269973002,0.3
319,THR,9.999000099990002e-05,0.0
358,ASN,9.999000099990002e-05,0.0
