resid,resname,contact_frac,contact_%
290,MET,1.0,100.0
315,THR,1.0,100.0
381,ASP,1.0,100.0
318,MET,0.9999000099990001,100.0
317,PHE,0.9997000299970003,100.0
271,LYS,0.9996000399960004,100.0
380,ALA,0.9995000499950005,100.0
269,ALA,0.9994000599940006,99.9
370,LEU,0.9993000699930007,99.9
382,PHE,0.9983001699830018,99.8
299,VAL,0.9978002199780022,99.8
248,LEU,0.9952004799520048,99.5
253,TYR,0.9922007799220078,99.2
286,GLU,0.9808019198080192,98.1
256,VAL,0.9764023597640236,97.6
313,ILE,0.9678032196780322,96.8
289,VAL,0.955004499550045,95.5
316,GLU,0.9277072292770723,92.8
360,ILE,0.8149185081491851,81.5
270,VAL,0.7591240875912408,75.9
361,HIS,0.7556244375562444,75.6
359,PHE,0.6853314668533147,68.5
293,ILE,0.6219378062193781,62.2
321,GLY,0.5702429757024298,57.0
362,ARG,0.42405759424057593,42.4
298,LEU,0.282971702829717,28.3
379,VAL,0.17598240175982402,17.6
354,LEU,0.09729027097290271,9.7
314,ILE,0.0938906109389061,9.4
363,ASP,0.018198180181981802,1.8
322,ASN,0.0013998600139986002,0.1
285,LYS,0.0012998700129987,0.1
386,ARG,0.0004999500049995,0.0
282,GLU,0.00019998000199980003,0.0
319,THR,9.999000099990002e-05,0.0
249,GLY,9.999000099990002e-05,0.0
