resid,resname,contact_frac,contact_%
381,ASP,1.0,100.0
380,ALA,1.0,100.0
269,ALA,1.0,100.0
315,ILE,1.0,100.0
271,LYS,0.9998000199980002,100.0
299,VAL,0.9998000199980002,100.0
290,MET,0.9997000299970003,100.0
318,MET,0.9997000299970003,100.0
370,LEU,0.9995000499950005,100.0
382,PHE,0.9985001499850015,99.9
317,PHE,0.9968003199680032,99.7
316,GLU,0.9929007099290071,99.3
248,LEU,0.9859014098590141,98.6
298,LEU,0.9797020297970203,98.0
270,VAL,0.9749025097490251,97.5
256,VAL,0.9722027797220278,97.2
379,VAL,0.9574042595740426,95.7
360,ILE,0.8776122387761224,87.8
361,HIS,0.8756124387561244,87.6
293,ILE,0.8560143985601439,85.6
313,ILE,0.8184181581841816,81.8
289,VAL,0.815918408159184,81.6
286,GLU,0.8147185281471853,81.5
359,PHE,0.787921207879212,78.8
253,TYR,0.7398260173982601,74.0
354,LEU,0.7227277272272773,72.3
321,GLY,0.5275472452754725,52.8
362,ARG,0.33136686331366866,33.1
322,ASN,0.0202979702029797,2.0
249,GLY,0.0065993400659934,0.7
314,ILE,0.006099390060993901,0.6
363,ASP,0.0030996900309969004,0.3
257,TYR,0.0008999100089991,0.1
282,GLU,9.999000099990002e-05,0.0
252,GLN,9.999000099990002e-05,0.0
