resid,resname,contact_frac,contact_%
381,ASP,1.0,100.0
380,ALA,1.0,100.0
370,LEU,0.9999000099990001,100.0
318,MET,0.9996000399960004,100.0
290,MET,0.9996000399960004,100.0
360,ILE,0.9994000599940006,99.9
354,LEU,0.9981001899810019,99.8
316,GLU,0.9978002199780022,99.8
315,THR,0.9978002199780022,99.8
317,PHE,0.996000399960004,99.6
269,ALA,0.9929007099290071,99.3
382,PHE,0.9917008299170083,99.2
361,HIS,0.9916008399160084,99.2
248,LEU,0.9859014098590141,98.6
379,VAL,0.9733026697330267,97.3
298,LEU,0.9716028397160283,97.2
256,VAL,0.9707029297070293,97.1
299,VAL,0.9576042395760423,95.8
289,VAL,0.9368063193680632,93.7
271,LYS,0.9333066693330667,93.3
253,TYR,0.9225077492250775,92.3
293,ILE,0.9186081391860814,91.9
359,PHE,0.7609239076092391,76.1
286,GLU,0.6467353264673532,64.7
321,GLY,0.5711428857114289,57.1
313,ILE,0.4540545945405459,45.4
270,VAL,0.44515548445155484,44.5
362,ARG,0.3631636836316368,36.3
322,ASN,0.0326967303269673,3.3
249,GLY,0.024797520247975203,2.5
385,SER,0.0096990300969903,1.0
363,ASP,0.0010998900109989002,0.1
257,TYR,9.999000099990002e-05,0.0
252,GLN,9.999000099990002e-05,0.0
