resid,resname,contact_frac,contact_%
381,ASP,1.0,100.0
318,MET,1.0,100.0
380,ALA,0.9999000099990001,100.0
315,ILE,0.9996000399960004,100.0
370,LEU,0.9994000599940006,99.9
290,MET,0.9992000799920008,99.9
317,PHE,0.9985001499850015,99.9
299,VAL,0.9967003299670033,99.7
253,TYR,0.9899010098990101,99.0
248,LEU,0.9876012398760124,98.8
360,ILE,0.978002199780022,97.8
271,LYS,0.9744025597440256,97.4
382,PHE,0.974002599740026,97.4
256,VAL,0.9734026597340266,97.3
361,HIS,0.9403059694030597,94.0
289,VAL,0.9263073692630737,92.6
359,PHE,0.9182081791820818,91.8
286,GLU,0.9159084091590841,91.6
269,ALA,0.8269173082691731,82.7
354,LEU,0.6496350364963503,65.0
293,ILE,0.6435356464353564,64.4
313,ILE,0.6092390760923908,60.9
316,GLU,0.5913408659134086,59.1
298,LEU,0.5571442855714429,55.7
321,GLY,0.5334466553344666,53.3
270,VAL,0.45435456454354567,45.4
379,VAL,0.4052594740525947,40.5
362,ARG,0.24047595240475952,24.0
363,ASP,0.0663933606639336,6.6
314,ILE,0.0110988901109889,1.1
322,ASN,0.004299570042995701,0.4
319,THR,0.00039996000399960006,0.0
282,GLU,9.999000099990002e-05,0.0
383,GLY,9.999000099990002e-05,0.0
385,SER,9.999000099990002e-05,0.0
