resid,resname,contact_frac,contact_%
315,THR,1.0,100.0
381,ASP,1.0,100.0
380,ALA,1.0,100.0
318,MET,1.0,100.0
271,LYS,1.0,100.0
317,PHE,0.9999000099990001,100.0
382,PHE,0.9999000099990001,100.0
269,ALA,0.9996000399960004,100.0
290,MET,0.9995000499950005,100.0
299,VAL,0.9995000499950005,100.0
370,LEU,0.9994000599940006,99.9
248,LEU,0.9987001299870013,99.9
286,GLU,0.9985001499850015,99.9
313,ILE,0.996000399960004,99.6
316,GLU,0.9899010098990101,99.0
360,ILE,0.9611038896110389,96.1
289,VAL,0.938906109389061,93.9
361,HIS,0.9264073592640736,92.6
270,VAL,0.8682131786821318,86.8
256,VAL,0.7976202379762024,79.8
359,PHE,0.7862213778622138,78.6
321,GLY,0.6380361963803619,63.8
293,ILE,0.3945605439456054,39.5
253,TYR,0.39186081391860816,39.2
362,ARG,0.38566143385661433,38.6
314,ILE,0.1254874512548745,12.5
354,LEU,0.12538746125387462,12.5
379,VAL,0.07269273072692731,7.3
298,LEU,0.06259374062593741,6.3
363,ASP,0.024897510248975102,2.5
285,LYS,0.0105989401059894,1.1
282,GLU,0.007899210078992101,0.8
322,ASN,0.0036996300369963003,0.4
