resid,resname,contact_frac,contact_%
315,ILE,1.0,100.0
381,ASP,1.0,100.0
380,ALA,1.0,100.0
269,ALA,1.0,100.0
318,MET,1.0,100.0
299,VAL,0.9998000199980002,100.0
370,LEU,0.9997000299970003,100.0
290,MET,0.9994000599940006,99.9
382,PHE,0.9992000799920008,99.9
317,PHE,0.9992000799920008,99.9
271,LYS,0.9949005099490051,99.5
316,GLU,0.9933006699330067,99.3
248,LEU,0.9911008899110089,99.1
298,LEU,0.9834016598340166,98.3
256,VAL,0.9797020297970203,98.0
270,VAL,0.9443055694430557,94.4
354,LEU,0.938006199380062,93.8
286,GLU,0.936006399360064,93.6
379,VAL,0.9324067593240676,93.2
289,VAL,0.9185081491850815,91.9
293,ILE,0.8982101789821018,89.8
359,PHE,0.8797120287971203,88.0
253,TYR,0.8743125687431257,87.4
361,HIS,0.7279272072792721,72.8
360,ILE,0.7156284371562843,71.6
313,ILE,0.7155284471552845,71.6
321,GLY,0.6815318468153184,68.2
362,ARG,0.48595140485951405,48.6
322,ASN,0.052594740525947405,5.3
386,ARG,0.0053994600539946005,0.5
314,ILE,0.004399560043995601,0.4
285,LYS,0.004199580041995801,0.4
282,GLU,0.0037996200379962005,0.4
257,TYR,0.0035996400359964,0.4
385,SER,0.0022997700229977,0.2
249,GLY,0.001999800019998,0.2
416,PHE,9.999000099990002e-05,0.0
