resid,resname,contact_frac,contact_%
315,THR,1.0,100.0
271,LYS,1.0,100.0
381,ASP,1.0,100.0
317,PHE,0.9998000199980002,100.0
290,MET,0.9997000299970003,100.0
380,ALA,0.9993000699930007,99.9
382,PHE,0.9991000899910009,99.9
269,ALA,0.999000099990001,99.9
299,VAL,0.9988001199880012,99.9
318,MET,0.9985001499850015,99.9
370,LEU,0.9983001699830018,99.8
248,LEU,0.9893010698930107,98.9
316,GLU,0.9831016898310169,98.3
313,ILE,0.9747025297470253,97.5
289,VAL,0.9424057594240576,94.2
286,GLU,0.9211078892110789,92.1
360,ILE,0.8837116288371163,88.4
361,HIS,0.8396160383961604,84.0
270,VAL,0.8084191580841916,80.8
359,PHE,0.7295270472952705,73.0
256,VAL,0.7213278672132787,72.1
362,ARG,0.6015398460153984,60.2
321,GLY,0.5944405559444056,59.4
293,ILE,0.5863413658634137,58.6
253,TYR,0.49085091490850913,49.1
298,LEU,0.1024897510248975,10.2
354,LEU,0.07329267073292671,7.3
314,ILE,0.06779322067793221,6.8
320,TYR,0.047795220477952205,4.8
379,VAL,0.0201979802019798,2.0
285,LYS,0.0051994800519948,0.5
363,ASP,0.0031996800319968005,0.3
282,GLU,0.0017998200179982,0.2
322,ASN,0.0006999300069993001,0.1
249,GLY,9.999000099990002e-05,0.0
