resid,resname,contact_frac,contact_%
318,MET,1.0,100.0
381,ASP,1.0,100.0
380,ALA,1.0,100.0
316,GLU,0.9999000099990001,100.0
370,LEU,0.9998000199980002,100.0
360,ILE,0.9997000299970003,100.0
269,ALA,0.9993000699930007,99.9
290,MET,0.9992000799920008,99.9
299,VAL,0.999000099990001,99.9
382,PHE,0.998000199980002,99.8
315,THR,0.9974002599740026,99.7
317,PHE,0.9973002699730027,99.7
248,LEU,0.9958004199580042,99.6
289,VAL,0.9796020397960205,98.0
256,VAL,0.9702029797020298,97.0
271,LYS,0.9556044395560443,95.6
361,HIS,0.9506049395060494,95.1
286,GLU,0.9427057294270573,94.3
298,LEU,0.9392060793920608,93.9
354,LEU,0.9265073492650735,92.7
253,TYR,0.9202079792020798,92.0
379,VAL,0.8527147285271472,85.3
293,ILE,0.8467153284671532,84.7
321,GLY,0.8364163583641636,83.6
270,VAL,0.8009199080091991,80.1
386,ARG,0.7139286071392861,71.4
359,PHE,0.5838416158384162,58.4
313,ILE,0.5131486851314868,51.3
322,ASN,0.1381861813818618,13.8
362,ARG,0.04079592040795921,4.1
249,GLY,0.0117988201179882,1.2
282,GLU,0.0032996700329967,0.3
285,LYS,0.0010998900109989002,0.1
252,GLN,0.0008999100089991,0.1
257,TYR,0.0005999400059994001,0.1
314,ILE,0.00039996000399960006,0.0
255,GLU,9.999000099990002e-05,0.0
