resid,resname,contact_frac,contact_%
315,ILE,1.0,100.0
381,ASP,1.0,100.0
318,MET,0.9999000099990001,100.0
290,MET,0.9997000299970003,100.0
380,ALA,0.9997000299970003,100.0
317,PHE,0.9994000599940006,99.9
382,PHE,0.9992000799920008,99.9
370,LEU,0.9987001299870013,99.9
360,ILE,0.9976002399760024,99.8
248,LEU,0.9959004099590041,99.6
299,VAL,0.994000599940006,99.4
253,TYR,0.986001399860014,98.6
256,VAL,0.9704029597040296,97.0
269,ALA,0.9517048295170483,95.2
271,LYS,0.9508049195080492,95.1
361,HIS,0.9044095590440956,90.4
286,GLU,0.8969103089691031,89.7
362,ARG,0.8966103389661034,89.7
359,PHE,0.8641135886411359,86.4
289,VAL,0.8583141685831417,85.8
316,GLU,0.8511148885111489,85.1
293,ILE,0.7976202379762024,79.8
321,GLY,0.7492250774922508,74.9
313,ILE,0.6482351764823517,64.8
270,VAL,0.575942405759424,57.6
354,LEU,0.5096490350964904,51.0
298,LEU,0.4968503149685031,49.7
379,VAL,0.34226577342265774,34.2
322,ASN,0.0096990300969903,1.0
314,ILE,0.0027997200279972004,0.3
285,LYS,0.00029997000299970003,0.0
282,GLU,0.00019998000199980003,0.0
