resid,resname,contact_frac,contact_%
315,ILE,1.0,100.0
381,ASP,1.0,100.0
290,MET,0.9997000299970003,100.0
382,PHE,0.9996000399960004,100.0
380,ALA,0.9989001099890011,99.9
271,LYS,0.9985001499850015,99.9
248,LEU,0.9968003199680032,99.7
299,VAL,0.9923007699230078,99.2
317,PHE,0.9901009899010099,99.0
318,MET,0.9876012398760124,98.8
360,ILE,0.9559044095590441,95.6
370,LEU,0.9502049795020497,95.0
269,ALA,0.9492050794920508,94.9
286,GLU,0.907009299070093,90.7
313,ILE,0.9019098090190981,90.2
256,VAL,0.8598140185981402,86.0
361,HIS,0.7989201079892011,79.9
289,VAL,0.7915208479152085,79.2
359,PHE,0.7565243475652434,75.7
270,VAL,0.6779322067793221,67.8
321,GLY,0.5884411558844116,58.8
316,GLU,0.5644435556444356,56.4
253,TYR,0.5086491350864913,50.9
314,ILE,0.2883711628837116,28.8
293,ILE,0.23377662233776622,23.4
362,ARG,0.22747725227477253,22.7
354,LEU,0.16198380161983802,16.2
379,VAL,0.10478952104789521,10.5
298,LEU,0.10018998100189981,10.0
383,GLY,0.068993100689931,6.9
322,ASN,0.032996700329967,3.3
363,ASP,0.018998100189981004,1.9
416,PHE,0.009999000099990002,1.0
282,GLU,0.004299570042995701,0.4
285,LYS,0.0024997500249975004,0.2
249,GLY,0.0007999200079992001,0.1
301,LEU,0.00019998000199980003,0.0
